{
    "prepare_queue": {
        "installed": [],
        "uninstalled": []
    },
    "config_munge": {
        "files": {
            "config.xml": {
                "parents": {
                    "/*": [
                        {
                            "xml": "<preference name=\"Fullscreen\" value=\"true\" />",
                            "count": 4
                        }
                    ]
                }
            }
        }
    },
    "installed_plugins": {
        "cordova-plugin-whitelist": {
            "PACKAGE_NAME": "in.profitnesscoach.pfc"
        },
        "cordova-plugin-hidden-statusbar-overlay": {
            "PACKAGE_NAME": "in.profitnesscoach.pfc"
        }
    },
    "dependent_plugins": {},
    "modules": [],
    "plugin_metadata": {
        "cordova-plugin-whitelist": "1.2.2",
        "cordova-plugin-hidden-statusbar-overlay": "2.0.1"
    }
}